song_id,楽曲名,原曲アーティスト,作詞1,作詞2,作曲1,作曲2,編曲1,編曲2,リリース日
S0001,ラプンツェル,n-buna,n-buna,,n-buna,,,,2016/7/6
S0002,秒針を噛む,ずっと真夜中でいいのに。,ACA ne,,ACA ne,,,,2018/8/30
S0003,Stellar Stellar,星街すいせい,星街すいせい,,星街すいせい,,,,2021/9/29
S0004,ロストメモリー,深影,深影,,深影,,,,2025/4/26
S0005,春泥棒,ヨルシカ,n-buna,,n-buna,,,,2021/1/9
S0006,勿忘,Awesome City Club,atagi,PORIN,atagi,永野亮,永野亮,,2021/1/27
S0007,晴る,ヨルシカ,n-buna,,n-buna,,,,2024/1/5
S0008,春の歌,スピッツ,草野正宗,,草野正宗,,,,2005/4/20
S0009,春ひさぎ,ヨルシカ,n-buna,,n-buna,,,,2020/6/3
S0010,怪獣の花唄,Vaundy,Vaundy,,Vaundy,,,,2020/5/11
S0011,ハナミズキ,一青窈,一青窈,,マシコタツロウ,,,,2004/2/11
S0012,天城越え,石川さゆり,吉岡治,,弦哲也,,,,1986/7/21
S0013,心拍数♯0822,蝶々P,蝶々P,,蝶々P,,,,2010/8/22
S0014,アイノカタチ,MISIA,GReeeeN,,GReeeeN,,,,2018/8/22
S0015,私は最強,Ado,大森元貴,,大森元貴,,,,2022/6/22
S0016,inside you,milet,milet,,Toru,milet,,,2019/3/6
S0017,I beg you,Aimer,梶浦由記,,梶浦由記,,,,2019/1/9
S0018,罪と罰,椎名林檎,椎名林檎,,椎名林檎,,,,2000/1/26
S0019,ひこうき雲,松任谷由実,荒井由実,,荒井由実,,,,1973/11/20
S0020,悪魔の子,ヒグチアイ,ヒグチアイ,,ヒグチアイ,,,,2022/1/10
S0021,甲賀忍法帖,陰陽座,瞬火,,瞬火,,,,2005/4/27
S0022,ビビデバ,星街すいせい,ツミキ,,ツミキ,,,,2024/3/23
S0023,ソワレ,星街すいせい,ナナホシ管弦楽団,,岩見陸,,,,2022/12/18
S0024,本能,椎名林檎,椎名林檎,,椎名林檎,,,,1999/10/27
S0025,Beautiful World,宇多田ヒカル,宇多田ヒカル,,宇多田ヒカル,,,,2009/6/27
S0026,変わらないもの,奥華子,奥華子,,奥華子,,,,2006/7/12
S0027,夜明けと蛍,n-buna,n-buna,,n-buna,,,,2014/11/11
S0028,シャルル,バルーン,バルーン,,バルーン,,,,2016/10/12
S0029,あいつら全員同窓会,ずっと真夜中でいいのに。,ACAね,,ACAね,,,,2021/6/18
S0030,ハム太郎とっとこうた,ハムちゃんず,河井リツ子,,河井リツ子,,,,2000/9/30
S0031,チェリー,スピッツ,草野正宗,,草野正宗,,,,1996/4/10
S0032,とても素敵な六月でした,Eight,Eight,,Eight,,,,2014/6/13
S0033,青と夏,Mrs. GREEN APPLE,大森元貴,,大森元貴,,,,2018/8/1
S0034,青のすみか,キタニタツヤ,キタニタツヤ,,キタニタツヤ,,,,2023/7/19
S0035,雨き声残響,Orangestar,Orangestar,,Orangestar,,,,2014/10/5
S0036,灰色と青,米津玄師,米津玄師,,米津玄師,,,,2017/10/11
S0037,ヒビカセ,れをる,れをる,,ギガP,,,,2014/9/24
S0038,群青日和,東京事変,椎名林檎,,H是都M,,,,2004/9/8
S0039,水平線,back number,清水依与吏,,清水依与吏,,,,2021/8/13
S0040,ブルーバード,いきものがかり,水野良樹,,水野良樹,,,,2008/7/9
S0041,空に歌えば,amazarashi,秋田ひろむ,,秋田ひろむ,,,,2017/9/6
S0042,空奏列車,Orangestar,Orangestar,,Orangestar,,,,2015/2/21
S0043,藍二乗,ヨルシカ,n-buna,,n-buna,,,,2018/12/27
S0044,メリュー,n-buna,n-buna,,n-buna,,,,2015/5/12
S0045,青いベンチ,サスケ,北清水雄太,,北清水雄太,,,,2003/10/25
S0046,青春ライン,いきものがかり,水野良樹,,水野良樹,,,,2007/8/8
S0047,オトナブルー,新しい学校のリーダーズ,yonkey,,yonkey,,,,2020/5/1
S0048,準透明少年,ヨルシカ,n-buna,,n-buna,,,,2018/5/8
S0049,憂一乗,ヨルシカ,n-buna,,n-buna,,,,2019/8/28
S0050,花に亡霊,ヨルシカ,n-buna,,n-buna,,,,2020/4/22
S0051,サマータイムレコード,じん,じん,,じん,,,,2013/9/2
S0052,ミカヅキ,さユり,さユり,,さユり,,,,2015/8/26
S0053,空の箱,トゲナシトゲアリ,松原さらり,,南田健吾,,,,2024/4/6
S0054,愛を伝えたいだとか,あいみょん,あいみょん,,あいみょん,,,,2017/5/3
S0055,main actor,美波,美波,,美波,,,,2017/12/1
S0056,us,milet,milet,TomoLow/Yui Mugino,milet,TomoLow/Yui Mugino,,,2019/8/21
S0057,命に嫌われている。,カンザキイオリ,カンザキイオリ,,カンザキイオリ,,,,2017/8/6
S0058,だから僕は音楽を辞めた,ヨルシカ,n-buna,,n-buna,,,,2019/4/10
S0059,拍手喝采歌合,supercell,ryo,,ryo,,,,2013/6/12
S0060,小さな恋のうた,MONGOL800,上江洌清作,,上江洌清作,,,,2001/9/16
S0061,私とワルツを,鬼束ちひろ,鬼束ちひろ,,鬼束ちひろ,,,,2003/11/27
S0062,Avid,SawanoHiroyuki[nZk],cAnON,,澤野弘之,,,,2021/6/9
S0063,浴室,椎名林檎,椎名林檎,,椎名林檎,,,,2000/3/31
S0064,流行,椎名林檎,椎名林檎,,椎名林檎,,,,2009/6/24
S0065,斜陽,ヨルシカ,n-buna,,n-buna,,,,2023/5/8
S0066,雨とカプチーノ,ヨルシカ,n-buna,,n-buna,,,,2019/8/28
S0067,flos,R Sound Design,R Sound Design,,R Sound Design,,,,2018/3/8
S0068,咲かせや咲かせ,EGOIST,ryo,,ryo,,,,2019/5/15
S0069,阿修羅ちゃん,Ado,Neru,,Neru,,,,2021/10/28
S0070,快晴,Orangestar,Orangestar,,Orangestar,,,,2017/8/31
S0071,花の名,BUMP OF CHICKEN,藤原基央,,藤原基央,,,,2007/10/24
S0072,君が夜の海に還るまで,キタニタツヤ,キタニタツヤ,,キタニタツヤ,,,,2016/11/21
S0073,天体観測,BUMP OF CHICKEN,藤原基央,,藤原基央,,,,2001/3/14
S0074,車輪の唄,BUMP OF CHICKEN,藤原基央,,藤原基央,,,,2004/12/1
S0075,ONE,Aimer,aimerrhythm,,百田留衣,,,,2017/10/11
S0076,少女レイ,みきとP,みきとP,,みきとP,,,,2018/7/18
S0077,Leia,ゆよゆっぺ,ゆよゆっぺ,,ゆよゆっぺ,,,,2011/1/1
S0078,点描の唄,Mrs. GREEN APPLE,大森元貴,,大森元貴,,,,2018/8/1
S0079,sailing day,BUMP OF CHICKEN,藤原基央,,藤原基央,,,,2003/3/12
S0080,それがあなたの幸せとしても,Heavenz,Heavenz,,Heavenz,,,,2013/4/2
S0081,Soranji,Mrs. GREEN APPLE,大森元貴,,大森元貴,,,,2022/11/9
S0082,ninelie,Aimer with chelly,澤野弘之,,澤野弘之,,,,2016/5/11
S0083,FINAL DISTANCE,宇多田ヒカル,宇多田ヒカル,,宇多田ヒカル,,,,2001/7/25
S0084,グッドバイ,サカナクション,山口一郎,,山口一郎,,,,2014/1/15
S0085,あなたに好きと言われたい,奥華子,奥華子,,奥華子,,,,2008/11/19
S0086,8.8,あたらよ,ひとみ,,ひとみ,,,,2021/6/30
S0087,極楽浄土,GARNiDELiA,MARiA,,toku,,,,2018/7/28
S0088,みちしるべ,茅原実里,茅原実里,,菊田大介,,,,2018/1/31
S0089,新宝島,サカナクション,山口一郎,,山口一郎,,,,2015/9/30
S0090,楓,スピッツ,草野正宗,,草野正宗,,,,1998/7/7
S0091,エメラルドシティ,TOKOTOKO,TOKOTOKO,,TOKOTOKO,,,,2014/12/28
S0092,oblivious,Kalafina,梶浦由記,,梶浦由記,,,,2008/1/23
S0093,NAO,HY,仲宗根泉,,仲宗根泉,,,,2006/4/12
S0094,夜永唄,神はサイコロを振らない,柳田周作,,柳田周作,,,,2019/5/22
S0095,風のゆくえ,Ado,秦基博,,秦基博,,,,2022/8/10
S0096,嘘つき,あたらよ,ひとみ,,ひとみ,,,,2021/10/4
S0097,鱗,秦基博,秦基博,,秦基博,,,,2007/6/6
S0098,ロビンソン,スピッツ,草野正宗,,草野正宗,,,,1995/4/5
S0099,恋愛裁判,40mP,40mP,,40mP,,,,2014/6/10
S0100,おやすみ泣き声、さよなら歌姫,クリープハイプ,尾崎世界観,,尾崎世界観,,,,2012/10/3
S0101,心臓デモクラシー,みきとP,みきとP,,みきとP,,,,2012/1/23
S0102,オツキミリサイタル,じん,じん,,じん,,,,2013/7/2
S0103,ギガンティックO.T.N,Giga,れをる,,ギガP,,,,2012/12/8
S0104,妄想感傷代償連盟,DECO*27,DECO*27,,DECO*27,,,,2016/11/18
S0105,セツナトリップ,Last Note.,Last Note.,,Last Note.,,,,2012/5/3
S0106,天ノ弱,164,164,,164,,,,2011/5/28
S0107,モザイクロール,DECO*27,DECO*27,,DECO*27,,,,2010/7/15
S0108,え?あぁ、そう。,papiyon,papiyon,,papiyon,,,,2010/3/22
S0109,ローリンガール,wowaka,wowaka,,wowaka,,,,2010/2/14
S0110,マトリョシカ,ハチ,ハチ,,ハチ,,,,2010/8/19
S0111,ベノム,かいりきベア,かいりきベア,,かいりきベア,,,,2010/8/2
S0112,No Logic,ジミーサムP,ジミーサムP,,ジミーサムP,,,,2009/9/14
S0113,ドーナツホール,ハチ,ハチ,,ハチ,,,,2013/10/28
S0114,アイロニ,すこっぷ,すこっぷ,,すこっぷ,,,,2012/5/24
S0115,アヤノの幸福理論,じん,じん,,じん,,,,2013/4/22
S0116,思想犯,ヨルシカ,n-buna,,n-buna,,,,2020/6/24
S0117,いさな,ヨルシカ,n-buna,,n-buna,,,,2023/4/5
S0118,more than words,羊文学,塩塚モエカ,,塩塚モエカ,,,,2023/9/1
S0119,花になって,緑黄色社会,長屋晴子,,穴見真吾,,,,2023/12/6
S0120,タマシイレボリューション,Superfly,越智志帆,,越智志帆,,,,2010/6/18
S0121,RE:I AM,Aimer,澤野弘之,,澤野弘之,,,,2013/3/20
S0122,ダウナーウィッチ,廉,廉,,廉,,,,2020/11/7
S0123,フォニイ,ツミキ,ツミキ,,ツミキ,,,,2021/6/9
S0124,FREEDOM,Ado,jon-YAKITORY,,jon-YAKITORY,,,,2022/1/26
S0125,Again,YUI,YUI,,YUI,,,,2009/6/3
S0126,ワールド・ランプシェード,buzzG,buzzG,,buzzG,,,,2013/8/8
S0127,コロニー,BUMP OF CHICKEN,藤原基央,,藤原基央,,,,2015/4/22
S0128,しわあわせ,Vaundy,Vaundy,,Vaundy,,,,2021/4/11
S0129,ラブ&デストロイ,MI8k,MI8k,,MI8k,,,,2016/7/23
S0130,落日,東京事変,椎名林檎,,椎名林檎,,,,2005/11/2
S0131,丸ノ内サディスティック,椎名林檎,椎名林檎,,椎名林檎,,,,1999/2/24
S0132,君って,西野カナ,西野カナ,,SAEKI youthK,,,,2010/11/3
S0133,なんでもないや,RADWIMPS,野田洋次郎,,野田洋次郎,,,,2016/8/24
S0134,絶対零度,なとり,なとり,,なとり,,,,2024/5/22
S0135,お願いマッスル,紗倉ひびき,サイドチェスト烏屋,,サイドチェスト烏屋,シックスパック篠崎,,,2019/7/24
S0136,DAYBREAK FRONTLINE,Orangestar,Orangestar,,Orangestar,,,,2016/12/3
S0137,手をつなごう,絢香,絢香,,西尾芳彦,,,,2008/3/5
S0138,声,ヨルシカ,n-buna,,n-buna,,,,2019/8/28
S0139,ノーチラス,ヨルシカ,n-buna,,n-buna,,,,2019/8/28
S0140,いのちの名前,木村弓,覚和歌子,,久石譲,,,,2001/7/18
S0141,糸,中島みゆき,中島みゆき,,中島みゆき,,,,1998/2/4
S0142,星屑ビーナス,Aimer,aimerrhythm,,飛内将大,,,,2012/8/15
S0143,晴るる,あたらよ,ひとみ,,ひとみ,,,,2021/4/28
S0144,タイムマシン,1640mP,40㍍P,,164,,,,2010/9/13
S0145,君の知らない物語,supercell,ryo,,ryo,,,,2009/8/12
S0146,アイネクライネ,米津玄師,米津玄師,,米津玄師,,,,2014/4/23
S0147,"rain stops, good-bye",におP,,におP,,におP,,2008/8/4,
S0148,KissHug,aiko,AIKO,,AIKO,,,,2008/7/23
S0149,プロミスザスター,BiSH,松隈ケンタ×JxSxK,,松隈ケンタ,,,,2017/3/22
S0150,orion,米津玄師,米津玄師,,米津玄師,,,,2017/2/15
S0151,Calc.,ジミーサムP,ジミーサムP,,ジミーサムP,,,,2010/9/9
S0152,from Y to Y,ジミーサムP,ジミーサムP,,ジミーサムP,,,,2009/3/24
S0153,メフィスト,女王蜂,薔薇園アヴ,,薔薇園アヴ,,,,2023/4/20
S0154,誰かの願いが叶うころ,宇多田ヒカル,宇多田ヒカル,,宇多田ヒカル,,,,2004/4/21
S0155,ナイトルーティーン,キタニタツヤ,キタニタツヤ,,キタニタツヤ,,,,2023/12/15
S0156,みんな空の下,絢香,絢香,,絢香,,,,2009/7/8
S0157,言って。,ヨルシカ,n-buna,,n-buna,,,,2017/6/28
S0158,負け犬にアンコールはいらない,ヨルシカ,n-buna,,n-buna,,,,2018/5/8
S0159,又三郎,ヨルシカ,n-buna,,n-buna,,,,2021/6/7
S0160,ただ君に晴れ,ヨルシカ,n-buna,,n-buna,,,,2018/5/4
S0161,morning haze,keeno,keeno,,keeno,,,,2014/11/7
S0162,glow,keeno,keeno,,keeno,,,,2010/6/28
S0163,青い栞,Galileo Galilei,尾崎雄貴,,尾崎雄貴,,,,2011/6/15
S0164,エルマ,ヨルシカ,n-buna,,n-buna,,,,2019/8/28
S0165,歩く,ヨルシカ,n-buna,,n-buna,,,,2019/8/28
S0166,最後の雨,中西保志,夏目純,,都志見隆,,,,1992/8/10
S0167,Good-bye days,YUI,YUI,,YUI,,,,2006/6/14
S0168,LOSER,米津玄師,米津玄師,,米津玄師,,,,2016/9/28
S0169,Shout Baby,緑黄色社会,長屋晴子,,長屋晴子,,,,2020/2/19
S0170,これからのこと、それからのこと,緑黄色社会,長屋晴子,,長屋晴子,,,,2021/8/25
S0171,Mela!,緑黄色社会,長屋晴子,小林壱誓,peppe,穴見真吾,,,2020/4/13
S0172,Ham,ずっと真夜中でいいのに。,ACAね,,ACAね,,,,2020/8/5
S0173,コネクト,ClariS,渡辺翔,,渡辺翔,,,,2011/2/2
S0174,夜もすがら君想ふ,TOKOTOKO,TOKOTOKO,,TOKOTOKO,,,,2014/3/27
S0175,紅蓮華,LiSA,LiSA,,草野華余子,,,,2019/4/22
S0176,炎,LiSA,梶浦由記,LiSA,梶浦由記,,,,2020/10/14
S0177,残響散歌,Aimer,aimerrhythm,,飛内将大,,,,2022/1/12
S0178,六等星,ざらめ,ざらめ,CHIMERAZ,ざらめ,CHIMERAZ,,,2024/7/19
S0179,キミノオト,Heavenz,Heavenz,,Heavenz,,,,2012/12/10
S0180,メルティランドナイトメア,はるまきごはん,はるまきごはん,,はるまきごはん,,,,2018/2/16
S0181,冬眠,ヨルシカ,n-buna,,n-buna,,,,2018/5/9
S0182,キラーチューン,東京事変,椎名林檎,,椎名林檎,,,,2007/8/22
S0183,夏霞,あたらよ,ひとみ,,ひとみ,,,,2021/8/18
S0184,僕のこと,Mrs. GREEN APPLE,大森元貴,,大森元貴,,,,2019/1/9
S0185,友達の唄,BUMP OF CHICKEN,藤原基央,,藤原基央,,,,2011/2/23
S0186,Oz.,yama,泣き虫,,泣き虫,,,,2021/11/24
S0187,すずめ,RADWIMPS,野田洋次郎,,野田洋次郎,,,,2022/9/30
S0188,さよならミッドナイト,EVO+,もじゃ,,もじゃ,,,,2011/10/23
S0189,星の唄,buzzG,buzzG,,buzzG,,,,2011/1/3
S0190,サリシノハラ,みきとP,みきとP,,みきとP,,,,2012/10/4
S0191,アルジャーノン,ヨルシカ,n-buna,,n-buna,,,,2023/2/6
S0192,嘘月,ヨルシカ,n-buna,,n-buna,,,,2020/6/17
S0193,明日への手紙,手嶌葵,池田綾子,,池田綾子,,,,2016/2/10
S0194,プロローグ,Uru,Uru,,Uru,,,,2018/12/5
S0195,ピエロ,KEI,KEI,,KEI,,,,2010/6/29
S0196,晩餐歌,tuki.,tuki.,,tuki.,,,,2023/9/29
S0197,remember,Uru,Uru,,Uru,,,,2018/9/26
S0198,ちゃんとあるよ,傘村トータ,傘村トータ,,傘村トータ,,,,2021/9/19
S0199,ヒューマンエラー,傘村トータ,傘村トータ,,傘村トータ,,,,2022/6/9
S0200,輝いた,シギ,シギ,,シギ,上田健司,,,2009/2/18
S0201,メトロノーム,米津玄師,米津玄師,,米津玄師,,,,2015/10/7
S0202,地球最後の告白を,kemu,kemu,,kemu,,,,2012/6/26
S0203,キルマー,煮ル果実,煮ル果実,,煮ル果実,,,,2019/11/22
S0204,ハゼ馳せる果てるまで,ずっと真夜中でいいのに。,ACAね,,ACAね,,,,2019/10/18
S0205,月のしずく,RUI,Satomi,,松本良喜,,,,2003/1/15
S0206,swim,04 Limited Sazabys,GEN,,GEN,,,,2023/10/18
S0207,オレンジ,トーマ,トーマ,,トーマ,,,,2012/12/20
S0208,secret base 〜君がくれたもの〜,ZONE,町田紀彦,,町田紀彦,,,,2001/8/8
S0209,名前のない怪物,EGOIST,ryo,,ryo,,,,2012/12/5
S0210,ドライフラワー,優里,優里,,優里,,,,2020/10/25
S0211,ジェンガ,40mP,40mP,,40mP,,,,2010/1/31
S0212,Close to you,niki,niki,,niki,,,,2014/1/26
S0213,unravel,TK from 凛として時雨,TK,,TK,,,,2014/7/23
S0214,ライオン,May'n,Gabriela Robin,,Gabriela Robin,,,,2008/8/20
S0215,海色,AKINO from bless4,minatoku,,WEST GROUND,,,,2015/2/18
S0216,Afterglow,ジミーサムP,ジミーサムP,,ジミーサムP,,,,2013/3/4
S0217,水流のロック,日食なつこ,日食なつこ,,日食なつこ,,,,2018/5/27
S0218,シリョクケンサ,40mP,40mP,,40mP,,,,2011/8/6
S0219,たばこ,コレサワ,コレサワ,,コレサワ,,,,2017/3/29
S0220,靴の花火,ヨルシカ,n-buna,,n-buna,,,,2017/6/28
S0221,詩書きとコーヒー,ヨルシカ,n-buna,,n-buna,,,,2019/4/10
S0222,心に穴が空いた,ヨルシカ,n-buna,,n-buna,,,,2019/6/24
S0223,エイミー,ヨルシカ,n-buna,,n-buna,,,,2019/8/28
S0224,マリーゴールド,あいみょん,あいみょん,,あいみょん,,,,2018/8/8
S0225,Ghost of a smile,EGOIST,ryo,,ryo,,,,2015/11/11
S0226,星の消えた夜に,Aimer,aimerrhythm,,飛内将大,,,,2022/1/26
S0227,はじまりのとき,絢香,絢香,,絢香,,,,2012/2/1
S0228,愛が灯る,ロクデナシ,MIMI,,MIMI,,,,2023/2/15
S0229,カタオモイ,Aimer,aimerrhythm,,飛内将大,,,,2016/9/21
S0230,テルーの唄,手嶌葵,宮崎吾朗,,谷山浩子,,,,2006/6/7
S0231,Wherever you are,ONE OK ROCK,Taka,,Taka,,,,2010/6/9
S0232,ベテルギウス,優里,優里,,優里,,,,2021/11/4
S0233,花降らし,n-buna,n-buna,,n-buna,,,,2016/5/7
S0234,シンデレラボーイ,Saucy Dog,石原慎也,,Saucy Dog,,,,2021/8/18
S0235,楔,奥華子,奥華子,,奥華子,,,,2015/7/22
S0236,月光,鬼束ちひろ,鬼束ちひろ,,鬼束ちひろ,,,,2000/8/9
S0237,かたちあるもの,柴咲コウ,柴咲コウ,山本成美,小松清人,,,,2004/8/11
S0238,三日月,絢香,絢香,,西尾芳彦,,,,2006/9/27
S0239,ただ声一つ,ロクデナシ,MIMI,,MIMI,,,,2021/12/22
S0240,ハイドアンド・シーク,19's Sound Factory,19's Sound Factory,,19's Sound Factory,,,,2014/11/4
S0241,Dear,19's Sound Factory,19's Sound Factory,,19's Sound Factory,,,,2008/3/15
S0242,異邦人,久保田早紀,久保田早紀,,久保田早紀,,,,1979/10/1
S0243,懐かしい未来,上白石萌音,森山直太朗,,森山直太朗,,,,2022/1/1
S0244,DREAMER,幾田りら,幾田りら,,幾田りら,,,,2025/3/19
S0245,奏,スキマスイッチ,スキマスイッチ,,スキマスイッチ,,,,2004/3/10
S0246,ガーネット,奥華子,奥華子,,奥華子,,,,2006/7/12
S0247,SAKURA,いきものがかり,水野良樹,,水野良樹,,,,2006/3/15
S0248,少年と魔法のロボット,40mP,40mP,,40mP,,,,2013/9/18
S0249,独りんぼエンヴィー,koyori,koyori,,koyori,,,,2012/11/29
S0250,ゴーストルール,DECO*27,DECO*27,,DECO*27,,,,2016/1/8
S0251,群青,YOASOBI,Ayase,,Ayase,,,,2020/9/1
S0252,夜に駆ける,YOASOBI,Ayase,,Ayase,,,,2019/12/15
S0253,Snow halation,μ's,畑亜貴,,山田高弘,,,,2010/12/22
S0254,ハッピーエンド,back number,清水依与吏,,清水依与吏,,,,2016/11/16
S0255,セプテンバーさん,RADWIMPS,野田洋次郎,,野田洋次郎,,,,2006/2/15
S0256,最愛,福山雅治,福山雅治,,福山雅治,,,,2008/10/1
S0257,daze,じん,じん,,じん,,,,2014/6/18
S0258,黒い雫,Superfly,越智志帆,jam,越智志帆,,,,2015/12/2
S0259,ホシアイ,レフティモンスターP,レフティモンスターP,伊東歌詞太郎,レフティモンスターP,,,,2012/6/22
S0260,Lemon,米津玄師,米津玄師,,米津玄師,,,,2018/3/14
S0261,新時代,Ado,中田ヤスタカ,,中田ヤスタカ,,,,2022/6/8
S0262,美しい鰭,スピッツ,草野正宗,,草野正宗,,,,2023/4/12
S0263,海の幽霊,米津玄師,米津玄師,,米津玄師,,,,2019/6/3
S0264,ソラゴト,明透,ポリスピカデリー,,ポリスピカデリー,,,,2022/5/6
S0265,盗作,ヨルシカ,n-buna,,n-buna,,,,2020/7/29
S0266,パメラ,バルーン,バルーン,,バルーン,,,,2021/10/15
S0267,愛を教えてくれた君へ,クアイフ,森 彩乃,,内田 旭彦,,,,2017/11/29
S0268,光るとき,羊文学,塩塚モエカ,,塩塚モエカ,,,,2022/1/12
S0269,祝祭,RADWIMPS,野田洋次郎,,野田洋次郎,,,,2019/7/19
S0270,ヒカリヘ,miwa,miwa,,miwa,,,,2012/8/15
S0271,インタビュア,クワガタP,クワガタP,,クワガタP,,,,2011/11/4
S0272,StaRt,Mrs. GREEN APPLE,大森元貴,,大森元貴,,,,2015/7/8
S0273,NOW ON AIR,赤い公園,津野米咲,,津野米咲,,,,2014/9/24
S0274,彗星になれたなら,はるまきごはん,はるまきごはん,,はるまきごはん,,,,2020/6/18
S0275,ロマンスの神様,広瀬香美,広瀬香美,,広瀬香美,,,,1993/12/1
S0276,ヒューマノイド,ずっと真夜中でいいのに。,ACAね,,ACAね,,,,2018/11/7
S0277,左右盲,ヨルシカ,n-buna,,n-buna,,,,2022/7/25
S0278,366日,HY,仲宗根泉,,仲宗根泉,,,,2008/4/16
S0279,回る空うさぎ,Orangestar,Orangestar,,Orangestar,,,,2016/11/14
S0280,Make-up Shadow,井上陽水,井上陽水,,彩目映,,,,1993/7/21
S0281,花人局,ヨルシカ,n-buna,,n-buna,,,,2020/7/29
S0282,さよならメモリーズ,supercell,ryo,,ryo,,,,2010/2/10
S0283,441,miwa,miwa,,miwa,,,,2011/6/29
S0284,春を待つ,Islet feat.倚水,Islet,,Islet,,,,2021/4/3
S0285,you,ひぐらしのなく頃に,dai,,癒月,,,,2002/8/10
S0286,星めぐる詩,suis from ヨルシカ,Misumi,,Misumi,,,,2024/2/23
S0287,粉雪,レミオロメン,藤巻亮太,,藤巻亮太,,,,2005/11/16
S0288,帰ろう,藤井風,藤井風,,藤井風,,,,2020/5/20
S0289,ボーイフレンド,aiko,AIKO,,AIKO,,,,2000/9/20
S0290,クライヤ,すこっぷ,すこっぷ,,すこっぷ,,,,2013/11/22
S0291,地球儀,米津玄師,米津玄師,,米津玄師,,,,2023/7/26
S0292,Departures 〜あなたにおくるアイの歌〜,EGOIST,ryo,,ryo,,,,2011/11/30
S0293,蝶々結び,Aimer,野田洋次郎,,野田洋次郎,,,,2016/8/17
S0294,老人と海,ヨルシカ,n-buna,,n-buna,,,,2021/8/18
S0295,夏の肖像,ヨルシカ,n-buna,,n-buna,,,,2023/4/5
S0296,THERE IS A REASON,鈴木このみ,岩里祐穂,,ヒゲドライバー,,,,2017/7/12
S0297,からくりピエロ,40mP,KEI,,KEI,,,,2010/6/29
S0298,弱虫モンブラン,DECO*27,DECO*27,,DECO*27,,,,2010/4/15
S0299,First Love,宇多田ヒカル,宇多田ヒカル,,宇多田ヒカル,,,,1999/3/10
S0300,イエスタデイ,Official髭男dism,藤原聡,,藤原聡,,,,2019/9/11
S0301,桜ノ雨,halyosy,halyosy,,halyosy,,,,2008/2/23
S0302,メリクリ,BoA,康珍化,,原一博,,,,2004/12/1
S0303,一輪花,tuki.,tuki.,,tuki.,,,,2023/11/28
S0304,はなればなれの君へ,Belle,細田守,中村佳穂/岩崎太整,岩崎太整,,,,2021/7/30
S0305,心做し,蝶々P,蝶々P,,蝶々P,,,,2014/1/5
S0306,フリージア,Uru,Uru,,岩見直明,,,,2017/2/15
S0307,Brave Shine,Aimer,aimerrhythm,,小山寿,,,,2015/6/3
S0308,低血ボルト,ずっと真夜中でいいのに。,ACAね,,ACAね,,,,2020/7/23
S0309,アポリア,ヨルシカ,n-buna,,n-buna,,,,2024/10/7
S0310,ウィアートル,rionos,rionos,,rionos,,,,2023/10/25
S0311,瞬き,back number,清水依与吏,,清水依与吏,,,,2017/12/20
S0312,君はロックを聴かない,あいみょん,あいみょん,,あいみょん,,,,2017/8/2
S0313,初めての恋が終わる時,ryo,ryo,,ryo,,,,2008/12/12
S0314,夕日坂,doriko,doriko,,doriko,,,,2008/3/22
S0315,勘冴えて悔しいわ,ずっと真夜中でいいのに。,ACAね,,ACAね,ラムシーニ,,,2019/6/5
S0316,贖罪,傘村トータ,傘村トータ,,傘村トータ,,,,2018/7/24
S0317,All Alone With You,EGOIST,ryo,,ryo,,,,2013/3/6
S0318,小夜子,みきとP,みきとP,,みきとP,,,,2011/8/8
S0319,スパークル,RADWIMPS,野田洋次郎,,野田洋次郎,,,,2016/8/24
S0320,らしさ,SUPER BEAVER,柳沢亮太,,柳沢亮太,,,,2014/9/24
S0321,流星群,鬼束ちひろ,鬼束ちひろ,,鬼束ちひろ,,,,2002/2/6
S0322,ギブス,椎名林檎,椎名林檎,,椎名林檎,,,,2000/1/26
S0323,This game,鈴木このみ,深青結希,,若林充,,,,2014/5/21
S0324,ゴーストレタッチ,深影,廉,,廉,,,,2025/9/17
S0325,貴方の側に。,りりあ。,りりあ。,,りりあ。,,,,2023/11/22
S0326,スパイダー,スピッツ,草野正宗,,草野正宗,,,,1994/10/26
S0327,かたち,安月名莉子,eba.,,eba.,,,,2022/5/11
S0328,忘れてください,ヨルシカ,n-buna,,n-buna,,,,2024/7/13
S0329,ツキミソウ,Novelbright,竹中雄大,,竹中雄大,,,,2020/12/11
S0330,燈,崎山蒼志,崎山蒼志,,崎山蒼志,,,,2023/7/7
S0331,The Beginning,ONE OK ROCK,Taka,,Taka,,,,2012/8/22
S0332,裸の勇者,Vaundy,Vaundy,,Vaundy,,,,2022/2/23
S0333,ダーリン,須田景凪,須田景凪,,須田景凪,,,,2023/1/18
S0334,風になる,つじあやの,つじあやの,,つじあやの,,,,2002/6/26
S0335,未来,コブクロ,小渕健太郎,,小渕健太郎,黒田俊介,,,2015/11/28
S0336,春雷,米津玄師,米津玄師,,米津玄師,,,,2017/11/1
S0337,Black Bird,Aimer,aimerrhythm,,飛内将大,,,,2018/9/5
S0338,アンインストール,石川智晶,石川智晶,,石川智晶,,,,2007/6/13
S0339,ピースサイン,米津玄師,米津玄師,,米津玄師,,,,2017/6/21
S0340,あなたに出会わなければ〜夏雪冬花〜,Aimer,aimerrhythm,,百田留衣,,,,2012/8/15
S0341,さよならエレジー,菅田将暉,石崎ひゅーい,,石崎ひゅーい,,,,2018/2/21
S0342,カワキヲアメク,美波,美波,,美波,,,,2019/1/30
S0343,透明人間,東京事変,椎名林檎,,椎名林檎,,,,2006/1/25
S0344,曖昧劣情Lover,koyori,koyori,,koyori,,,,2014/8/14
S0345,スピカ,ロクデナシ,ナユタン星人,,ナユタン星人,,,,2023/6/7
S0346,高嶺の花子さん,back number,清水依与吏,,清水依与吏,,,,2013/6/26
S0347,空も飛べるはず,スピッツ,草野正宗,,草野正宗,,,,1994/4/25
S0348,トリノコシティ,40mP,40mP,,40mP,,,,2010/7/29
S0349,打上花火,米津玄師,米津玄師,,米津玄師,,,,2017/8/16
S0350,月に吠える,ヨルシカ,n-buna,,n-buna,,,,2021/10/6
S0351,夜もすがら君を想ふ,TOKOTOKO,TOKOTOKO,,TOKOTOKO,,,,2014/3/27
S0352,チノカテ,ヨルシカ,n-buna,,n-buna,,,,2022/8/29
S0353,もらい泣き,一青窈,一青窈,,溝渕大智,,,,2002/10/30
S0354,修羅,ヨルシカ,n-buna,,n-buna,,,,2025/8/8
S0355,太陽,ヨルシカ,n-buna,,n-buna,,,,2024/11/22
S0356,踊,Ado,DECO*27,,DECO*27,,,,2021/4/27
S0357,Automatic,宇多田ヒカル,宇多田ヒカル,,宇多田ヒカル,,,,1998/12/9
S0358,traveling,宇多田ヒカル,宇多田ヒカル,,宇多田ヒカル,,,,2001/11/28
S0359,JANE DOE,"米津玄師,宇多田ヒカル",,米津玄師,,米津玄師,,2025/9/24,
S0360,我逢人,Mrs. GREEN APPLE,大森元貴,,大森元貴,,,,2015/2/18
S0361,あなたの夜が明けるまで,傘村トータ,傘村トータ,,傘村トータ,,,,2019/1/27
S0362,唱,Ado,TOPHAMHAT-KYO,,Giga,TeddyLoid,,,2023/9/6
S0363,sweets parade,髏々宮カルタ,uRy,,CHI-MEY,,,,2016/8/31
S0364,Just Be Friends,Dixie Flatline,Dixie Flatline,,Dixie Flatline,,,,2009/7/4
S0365,Prisoner Of Love,宇多田ヒカル,宇多田ヒカル,,宇多田ヒカル,,,,2008/3/26
S0366,COLORS,宇多田ヒカル,宇多田ヒカル,,宇多田ヒカル,,,,2003/1/29
S0367,一途,King Gnu,常田大希,,常田大希,,,,2021/12/29
S0368,花の唄,Aimer,梶浦由記,,梶浦由記,,,,2017/10/11
S0369,桜流し,宇多田ヒカル,宇多田ヒカル,,宇多田ヒカル,,,,2012/11/17
S0370,季節は次々死んでいく,amazarashi,秋田ひろむ,,秋田ひろむ,,,,2015/2/18
S0371,パレード,ヨルシカ,n-buna,,n-buna,,,,2019/3/15
S0372,by your side,小川大輝,小川大輝,,小川大輝,,,,2014/8/31
S0373,bitter,keeno,keeno,,keeno,,,,2012/7/16
S0374,angelite,narry,narry,,narry,,,,2013/7/16
S0375,Song for...,HY,IZUMI NAKASONE,,IZUMI NAKASONE,,,,2004/7/14
S0376,かぐや,n-buna,n-buna,,n-buna,,,,2016/7/6
S0377,ロックスター,Ado,jon-YAKITORY,,jon-YAKITORY,,,,2025/4/9
S0378,ODDS&ENDS,ryo,ryo,,ryo,,,,2012/8/29
S0379,よっしゃあ漢唄,角田信朗,北原星望,真間稜,渡部チェル,吉田隆,,,2009/3/4
S0380,テレパス,ヨルシカ,n-buna,,n-buna,,,,2023/1/12
S0381,心のそばに,Belle,細田守,,岩崎太整,,,,2021/7/23
S0382,クリスマスソング,back number,清水依与吏,,清水依与吏,,,,2015/11/18
S0383,繰り返し一粒,猫虫P,猫虫P,,猫虫P,,,,2010/10/30
S0384,君の脈で踊りたかった,ピコン,ピコン,,ピコン,,,,2018/1/27
S0385,冬と春,back number,清水依与吏,,清水依与吏,,,,2024/1/24
S0386,八月、某、月明かり,ヨルシカ,n-buna,,n-buna,,,,2019/4/10
S0387,右肩の蝶,のりP,水野悠良,,のりP,,,,2009/4/1
S0388,メランコリック,Junky,Junky,,Junky,,,,2010/4/19
S0389,メルト,ryo,ryo,,ryo,,,,2007/12/7
S0390,津軽海峡冬景色,石川さゆり,阿久悠,,三木たかし,,,,1977/1/1
S0391,ヒロイン,back number,清水依与吏,,清水依与吏,,,,2015/1/21
S0392,RE:RE,ASIAN KUNG-FU GENERATION,後藤正文,,後藤正文,山田貴洋,,,2016/3/16
S0393,千本桜,黒うさP,黒うさP,,黒うさP,,,,2011/9/17
S0394,アイ,秦基博,秦基博,,秦基博,,,,2010/1/13
S0395,MILABO,ずっと真夜中でいいのに。,ACAね,,ACAね,,,,2020/7/13
S0396,涙そうそう,夏川りみ,森山良子,,BEGIN,,,,1998/11/26
S0397,ツヨク想う,絢香,絢香,,絢香,,,,2012/12/12
S0398,This Love,アンジェラ・アキ,アンジェラ・アキ,,アンジェラ・アキ,,,,2006/5/31
S0399,魂のルフラン,高橋洋子,及川眠子,,大森俊之,,,,1997/2/21
S0400,アスノヨゾラ哨戒班,Orangestar,Orangestar,,Orangestar,,,,2014/8/19
S0401,1991,米津玄師,米津玄師,,米津玄師,,,,2025/10/13
S0402,風のとおり道,杉並児童合唱団,宮崎駿,,久石譲,,,,1988/3/25
S0403,月光浴,ヨルシカ,n-buna,,n-buna,,,,2023/10/13
S0404,革命道中,アイナ・ジ・エンド,アイナ・ジ・エンド,Shin Sakiura,アイナ・ジ・エンド,Shin Sakiura,,,2025/7/2
S0405,夕凪、某、花惑い,ヨルシカ,n-buna,,n-buna,,,,2018/5/9
S0406,solitude,小川大輝,小川大輝,,小川大輝,,,,2012/4/30
S0407,ダイナミック琉球,イクマあきら,平田大一,,平田大一,,,,2009/8/5
S0408,爆弾魔,ヨルシカ,n-buna,,n-buna,,,,2018/5/8
S0409,気まぐれロマンティック,いきものがかり,水野良樹,,水野良樹,,,,2008/12/3
S0410,完全感覚Dreamer,ONE OK ROCK,Taka,,Taka,,,,2010/2/3
S0411,お勉強しといてよ,ずっと真夜中でいいのに。,ACAね,,ACAね,,,,2020/5/15
S0412,雨晴るる,ヨルシカ,n-buna,,n-buna,,,,2019/8/28
S0413,rain,秦基博,大江千里,,大江千里,,,,2013/5/29
S0414,六月は雨上がりの街を書く,ヨルシカ,n-buna,,n-buna,,,,2019/4/10
S0415,エウテルペ,EGOIST,ryo,,ryo,,,,2011/11/30
S0416,ケッペキショウ,すこっぷ,すこっぷ,,すこっぷ,,,,2012/12/16
S0417,私が明日死ぬなら,キタニタツヤ,キタニタツヤ,,キタニタツヤ,,,,2024/1/10
S0418,アイドル,YOASOBI,Ayase,,Ayase,,,,2023/4/12
S0419,残酷な天使のテーゼ,高橋洋子,及川眠子,,佐藤英敏,,,,1995/10/25
S0420,アイのシナリオ,CHiCO with HoneyWorks,HoneyWorks,,HoneyWorks,,,,2015/2/4
S0421,カラフル,ClariS,渡辺翔,,渡辺翔,,,,2013/10/30
S0422,ray,BUMP OF CHICKEN,藤原基央,,藤原基央,,,,2014/3/12
S0423,Be the one,PANDORA feat. Beverly,小室哲哉,浅倉大介,小室哲哉,浅倉大介,,,2018/1/24
S0424,I believe,絢香,絢香,西尾芳彦,絢香,,,,2006/2/1
S0425,CH4NGE,Giga,q*Left,,Giga,,,,2021/12/25
S0426,ブラック★ロックシューター,ryo,ryo,,ryo,,,,2008/6/13
S0427,二息歩行,DECO*27,DECO*27,,DECO*27,,,,2009/8/28
S0428,貴方の恋人になりたいのです,阿部真央,阿部真央,,阿部真央,,,,2009/8/5
S0429,若者のすべて,フジファブリック,志村正彦,,フジファブリック。,,,,2007/11/7
S0430,プライド・ブライト,Juice=Juice,山崎あおい,,山崎あおい,,,,2023/7/12
S0431,ワールドイズマイン,ryo,ryo,,ryo,,,,2008/5/31
S0432,HALF,女王蜂,薔薇園アヴ,,薔薇園アヴ,,,,2018/4/25
S0433,サムライハート,SPYAIR,MOMIKEN,,UZ,,,,2011/6/8
S0434,pray,Tommy heavenly6,Tommy heavenly6,,Chris Walker,,,,2006/7/5
S0435,カトレア,ヨルシカ,n-buna,,n-buna,,,,2017/6/28
S0436,ヒッチコック,ヨルシカ,n-buna,,n-buna,,,,2018/5/8
S0437,雛鳥,花譜,カンザキイオリ,,カンザキイオリ,,,,2019/9/11
S0438,春を告げる,yama,くじら,,くじら,,,,2020/4/17
S0439,夜行,ヨルシカ,n-buna,,n-buna,,,,2020/3/4
S0440,あなたがいることで,Uru,Uru,,Uru,,,,2020/2/9
S0441,眩暈,鬼束ちひろ,鬼束ちひろ,,鬼束ちひろ,,,,2001/2/9
S0442,グレイ,sajou no hana,キタニタツヤ,,キタニタツヤ,,,,2019/3/6
S0443,時には昔の話を,加藤登紀子,加藤登紀子,,加藤登紀子,,,,1987/2/1
S0444,heavenly blue,Kalafina,梶浦由記,,梶浦由記,,,,2014/8/6
S0445,U,millennium parade×Belle,常田大希,,常田大希,,,,2021/7/12
S0446,八月、某、月明かり,ヨルシカ,n-buna,,n-buna,,,,2019/4/10
S0447,ヒメムラサキ,水樹奈々,水樹奈々,,飯田高広,,,,2005/5/18
S0448,GALLOWS BELL,buzzG,buzzG,,buzzG,,,,2010/6/23
S0449,空が鳴っている,東京事変,椎名林檎,,椎名林檎,,,,2011/5/11
S0450,吉原ラメント,亜沙,亜沙,,亜沙,,,,2012/7/20
S0451,Rain,秦基博,大江千里,,大江千里,,,,1988/7/21
S0452,fix,keeno,keeno,,keeno,,,,2011/8/25
S0453,3月9日,レミオロメン,藤巻亮太,,藤巻亮太,,,,2004/3/9
S0454,夜紛い,ヨルシカ,n-buna,,n-buna,,,,2019/4/10
S0455,God knows…,涼宮ハルヒ,畑亜貴,,神前暁,,,,2006/6/21
S0456,Romantica,wouca,春野,,春野,,春野,,2025/11/30
S0457,LADY,米津玄師,米津玄師,,米津玄師,,米津玄師/mabanua,,2023/3/21
S0458,Pop Virus,星野源,星野源,,星野源,,星野源,,2018/12/19
S0459,きらり,藤井風,藤井風,,藤井風,,Yaffle,,2021/5/3
S0460,真夜中のドア〜Stay With Me,松原みき,三浦徳子,,林哲司,,林哲司,,1979/11/5
S0461,あなた,宇多田ヒカル,宇多田ヒカル,,宇多田ヒカル,,-,,2017/12/8
S0462,LOOP,SIRUP,KYOtaro,,KYOtaro/Shingo.S,,Shingo.S,,2018/5/16
S0463,ひまわりの約束,秦基博,秦基博,,秦基博,,秦基博/皆川真人,,2014/8/6
S0464,SUN,星野源,星野源,,星野源,,星野源,,2015/5/27
S0465,白い恋人達,桑田佳祐,桑田佳祐,,桑田佳祐,,桑田佳祐,,2001/10/24
S0466,雪の華,中島美嘉,Satomi,,松本良喜,,松本良喜,,2003/10/1
S0467,クリスマス・イブ,山下達郎,山下達郎,,山下達郎,,山下達郎,,1983/12/14
S0468,Subtitle,Official髭男dism,藤原聡,,藤原聡,,Official髭男dism,,2022/10/12
S0469,恋人がサンタクロース,松任谷由実,松任谷由実,,松任谷由実,,Maestro-T,,1980/12/1
S0470,ゲレンデがとけるほど恋したい,広瀬香美,広瀬香美,,広瀬香美,,広瀬香美,,1995/12/1
S0471,Snow Men,星野源,星野源,,星野源,,星野源,,2015/12/2
S0472,Snow halation,μ's,畑亜貴,,山田高弘,,中西亮輔,,2010/12/22
S0473,なごり雪,イルカ,伊勢正三,,伊勢正三,,石川鷹彦,,1975/11/5
S0474,Everything,MISIA,MISIA,,松本俊明,,冨田恵一,,2000/10/25
S0475,冬がはじまるよ,槇原敬之,槇原敬之,,槇原敬之,,槇原敬之,,1991/11/10
S0476,夜空ノムコウ,SMAP,スガシカオ,,川村結花,,CHOKKAKU,,1998/1/14
S0477,星間飛行,ランカ・リー=中島愛,松本隆,,菅野よう子,,菅野よう子,,2008/6/25
S0478,宿命,Official髭男dism,藤原聡,,藤原聡,,蔦谷好位置,,2019/7/31
S0479,ノーダウト,Official髭男dism,藤原聡,,藤原聡,,Official髭男dism,,2018/4/11
S0480,Pretender,Official髭男dism,藤原聡,,藤原聡,,Official髭男dism,,2019/4/17
S0481,I LOVE…,Official髭男dism,藤原聡,,藤原聡,,Official髭男dism,,2020/2/12
S0482,マメシバ,坂本真綾,坂本真綾,,菅野よう子,,菅野よう子,,2000/12/16
S0483,ループ,坂本真綾,h's,,h-wonder,,h-wonder,,2005/5/11
S0484,プラチナ,坂本真綾,岩里祐穂,,菅野よう子,,菅野よう子,,1999/10/21
S0485,CLEAR,坂本真綾,坂本真綾,,水野良樹,,河野伸,,2018/1/31
S0486,マジックナンバー,坂本真綾,坂本真綾,,北川勝利,,河野伸,,2009/11/11
S0487,goodblue,school food punishment,内村友美,,school food punishment/江口亮,,江口亮,,2010/4/14
S0488,電車、滑り落ちる、ヘッドフォン,school food punishment,内村友美,,school food punishment/江口亮,,江口亮,,2010/4/14
S0489,エイリアンズ,キリンジ,堀込泰行,,堀込泰行,,冨田恵一,,2000/10/12
S0490,ENDLESS STORY,REIRA starring YUNA ITO,Dawn Ann Thomas,,Dawn Ann Thomas,,HΛL,,2005/9/7
S0491,RPG,school food punishment,内村友美,江口亮,school food punishment,,江口亮,,2011/5/11
S0492,1月2日,川本真琴,川本真琴,,川本真琴,,石川鉄男,,1997/3/21
S0493,I LOVE YOU,クリス・ハート,H.U.B.,坂詰美紗子,坂詰美紗子,,福田貴史,,2014/2/26
S0494,SAKURAドロップス,宇多田ヒカル,宇多田ヒカル,,宇多田ヒカル,,宇多田ヒカル/河野圭,,2002/5/9
S0495,Can You Keep A Secret?,宇多田ヒカル,宇多田ヒカル,,宇多田ヒカル,,西平彰,,2001/2/16
S0496,ハッピーシンセサイザ,EasyPop feat. 巡音ルカ,Easy Pop,,Easy Pop,,Easy Pop,,2010/11/22
S0497,白い雪のプリンセスは,のぼる↑ feat. 初音ミク,のぼる↑,,のぼる↑,,のぼる↑,,2010/2/22
S0498,はじめてのチュウ,あんしんパパ,実川俊晴,,実川俊晴,,-,,1990/5/1
S0499,いつかのメリークリスマス,B'z,松本孝弘,,松本孝弘,,松本孝弘/明石昌夫,,1992/12/9
S0500,すてきなホリデイ,竹内まりや,竹内まりや,,竹内まりや,,服部克久,,2001/11/7
S0501,ムーンライト,星街すいせい,なとり,,なとり,,なとり,,2024/10/1
S0502,シザーハンズ,Nem feat. 初音ミク,Nem,,Nem,,Nem,,2009/11/24
S0503,サンタが町にやってくる,クリスマスソング,ヘヴン・ギレスピー,神戸孝夫(訳),フレッド・クーツ,,-,,-
S0504,チキンライス,浜田雅功/槇原敬之,松本人志,,槇原敬之,,槇原敬之,,2004/11/17
S0505,ジングルベル,-,ジェームズ・ロード・ピアポント,,ジェームズ・ロード・ピアポント,,-,,-
S0506,赤鼻のトナカイ,-,ジョニー・マークス,,ジョニー・マークス,,-,,-
S0507,あわてんぼうのサンタクロース,-,吉岡治,,小林亜星,,-,,-
S0508,きよしこの夜,-,由木康,,フランツ・クサーヴァー・グルーバー,,-,,-
S0509,もろびとこぞりて,-,-,,ゲオルク・フリードリヒ・ヘンデル,,-,,-
S0510,クリスマスソング,back number,清水依与吏,,清水依与吏,,back number/小林武史,,2015/11/18
S0511,クリスマスキャロルの頃には,稲垣潤一,秋元康,,三井誠,,清水信之,,1992/10/28
S0512,初めての恋が終わる時,supercell feat. 初音ミク,ryo,,ryo,,ryo,,2008/12/12
S0513,White Love,SPEED,伊秩弘将,,伊秩弘将,,水島康貴,,1997/10/15
S0514,好き！雪！本気マジック,Mitchie M feat. 初音ミク,Mitchie M,,Mitchie M,,Mitchie M,,2014/2/1
S0515,スノースマイル,BUMP OF CHICKEN,藤原基央,,藤原基央,,BUMP OF CHICKEN,,2002/12/18
S0516,ハロ／ハワユ,ナノウ feat. 初音ミク,ナノウ,,ナノウ,,ナノウ,,2010/7/20
S0517,愛をこめて花束を,Superfly,越智志帆,多保孝一/いしわたり淳治,多保孝一,,蔦谷好位置,,2008/2/27
S0518,花の塔,さユり,さユり,,さユり,,さユり,,2022/7/3
S0519,怪物,YOASOBI,Ayase,,Ayase,,Ayase,,2021/1/6
S0520,Girl,秦基博,秦基博,,秦基博,,秦基博,,2013/1/30
S0521,115万キロのフィルム,Official髭男dism,藤原聡,,藤原聡,,-,,2018/3/16
S0522,僕らをつなぐもの,秦基博,秦基博,,秦基博,,秦基博,,2007/3/7
S0523,異端なスター,Official髭男dism,藤原聡,,藤原聡,,藤原聡,,2017/1/30
S0524,Stand By You,Official髭男dism,藤原聡,,藤原聡,,Official髭男dism,,2018/10/17
S0525,カントリー・ロード,本名陽子,鈴木麻実子,,宮崎駿,,野見祐二,,1995/6/25
S0526,恋愛サーキュレーション,千石撫子,meg rock,,神前 暁,,千石撫子(花澤香菜),,2010/1/27
S0527,ファンサ,mona(夏川椎菜),HoneyWorks,,HoneyWorks,,HoneyWorks,,2019/6/21
S0528,青い珊瑚礁,松田聖子,三浦徳子,,小田裕一郎,,大村雅朗,,1980/7/1
S0529,ガーデン,藤井風,藤井風,,藤井風,,Yaffle,,2022/3/23
S0530,都落ち,ヨルシカ,n-buna,,n-buna,,n-buna,,2023/4/5
S0531,都落ち,ヨルシカ,n-buna,,n-buna,,n-buna,,2023/4/5
S0532,星が瞬くこんな夜に,supercell,ryo,,ryo,,ryo,,2010/8/25
S0533,ゆずれない願い,田村直美,田村直美,,田村直美/石川寛門,,鷹羽仁/井上龍仁,,1994/11/9
S0534,futuristic imagination,school food punishment,内村友美,,school food punishment,,school food punishment/江口亮,,2009/5/27
S0535,Be mine!,坂本真綾,坂本真綾,,the band apart,,the band,,2014/2/5
S0536,ヘミソフィア,坂本真綾,岩里祐穂,,菅野よう子,,菅野よう子,,2002/2/21
S0537,光あれ,坂本真綾,坂本真綾,,菅野よう子,,菅野よう子,,2003/12/10
S0538,うちゅうひこうしのうた,坂本真綾,一倉宏,,菅野よう子,,菅野よう子,,2003/7/30
S0539,Planetes,EGOIST,ryo,,ryo,,ryo,,2012/9/19
S0540,キミソラキセキ,EGOIST,ryo,,ryo,,ryo,,2012/3/7
S0541,さぁ,SURFACE,椎名慶治,,椎名慶治/永谷喬夫,,SURFACE,,1998/11/11
S0542,Groovy!,広瀬香美,広瀬香美,,広瀬香美,,本間昭光/広瀬香美,,1998/9/23
S0543,ユキトキ,やなぎなぎ,やなぎなぎ,,北川勝利,,北川勝利/長谷泰宏,,2013/4/17
S0544,まつり,藤井風,藤井風,,藤井風,,Yaffle,,2022/3/20
S0545,プラスティック・ラヴ,竹内まりや,竹内まりや,,竹内まりや,,山下達郎,,1984/4/25
S0546,LA・LA・LA LOVE SONG,久保田利伸,久保田利伸,,久保田利伸,,柿崎洋一郎,,1996/5/13
S0547,DOWN TOWN,EPO,EPO,,EPO,,林哲司/清水信之,,1980/3/21
S0548,アイデア,星野源,星野源,,星野源,,星野源,,2018/8/20
S0549,また あした,Every Little Thing,持田香織,,小幡英之,,十川知司/Every Little Thing,,2003/11/12
S0550,恋,星野源,星野源,,星野源,,星野源,,2016/10/5
S0551,バラライカ,月島きらりstarring久住小春,BULGE,,迫茂樹,,迫茂樹,,2006/10/25
S0552,grace,藤井風,藤井風,,藤井風,,Yaffle,,2022/10/10
S0553,みずいろの雨,八神純子,三浦徳子,,八神純子,,大村雅朗,,1978/9/5
S0554,接吻 kiss,Original Love,田島貴男,,田島貴男,,オリジナル・ラヴ,,1993/11/10
S0555,融解sink,Vaundy,Vaundy,,Vaundy,,Vaundy,,2023/11/15
S0556,ルパン三世のテーマ,大野雄二,千家和也,,大野雄二,,大野雄二,,1977/10/25
S0557,春擬き,やなぎなぎ,やなぎなぎ,,北川勝利,,北川勝利,,2015/6/3
S0558,シュガーソングとビターステップ,UNISON SQUARE GARDEN,田淵智也,,田淵智也,,UNISON SQUARE GARDEN,,2015/5/20
S0559,歩いて帰ろう,斉藤和義,斉藤和義,,斉藤和義,,斉藤和義/松尾一彦,,1994/6/1
S0560,フライディ・チャイナタウン,泰葉,荒木とよひさ,,海老名泰葉,,井上鑑,,1981/9/21
S0561,愛・おぼえていますか,飯島真理,安井かずみ,,加藤和彦,,清水信之,,1984/6/5
S0562,神のまにまに,れるりり,れるりり,,れるりり,,れるりり,,2014/2/7
S0563,喜劇,星野源,星野源,,星野源,,星野源,,2022/4/8
S0564,火星人,ヨルシカ,n-buna,,n-buna,,n-buna,,2025/5/9
S0565,Be My Last,宇多田ヒカル,宇多田ヒカル,,宇多田ヒカル,,宇多田ヒカル,,2005/9/28
S0566,深海のリトルクライ,sasakure uk,sasakure uk,,sasakure uk,,sasakure uk,,2012/4/11
S0567,怪獣,サカナクション,山口一郎,,サカナクション,,-,,2021/3/1
S0568,旅路,藤井風,藤井風,,藤井風,,Yaffle,,2021/3/1
S0569,となりのトトロ,井上あずみ,宮崎駿,,久石譲,,久石譲,,1988/3/25
S0570,風の谷のナウシカ,安田成美,松本隆,,細野晴臣,,萩田光雄,,1984/1/25
S0571,Arrietty's Song,セシル・コルベル,セシル・コルベル,伊平容子,セシル・コルベル,Simon Caby,セシル・コルベル,Simon Caby,2010/4/7
S0572,いつも何度でも,木村弓,覚和歌子,,木村弓,,木村弓,,2001/7/18
S0573,君をのせて,井上あずみ,宮崎駿,,久石譲,,久石譲,,1986/7/7
S0574,さよならの夏～コクリコ坂から～,手嶌葵,万里村ゆき子,,坂田晃一,,武部聡志,,2011/6/1
S0575,朝ごはんの歌,手嶌葵,宮崎吾朗,谷山浩子,谷山浩子,,武部聡志,,2011/6/1
S0576,さんぽ,井上あずみ,中川李枝子,,久石譲,,久石譲,,1988/3/25
S0577,風のとおり道,井上あずみ,宮崎駿,,久石譲,,久石譲,,1988/3/25
S0578,ルージュの伝言,荒井由実,荒井由実,,荒井由実,,松任谷正隆,,1975/2/20
S0579,やさしさに包まれたなら,荒井由実,荒井由実,,荒井由実,,松任谷正隆,,1974/4/20
S0580,もののけ姫,米良美一,宮崎駿,,久石譲,,久石譲,,1997/6/25
S0581,おジャ魔女カーニバル!!,MAHO堂,大森祥子,,池毅,,坂本昌之,,1999/3/5
S0582,ハレ晴レユカイ,涼宮ハルヒ,畑亜貴,,田代智一,,安藤高弘,,2006/5/10
S0583,Catch You Catch Me,グミ,広瀬香美,,広瀬香美,,本間昭光,広瀬香美,1998/4/22
S0584,START:DASH!!,μ's,畑亜貴,,佐々木裕,,佐々木裕,,2013/2/20
S0585,青空のラプソディ,fhana,林英樹,,佐藤純一,,fhána,,2017/1/25
S0586,ルンがピカッと光ったら,ワルキューレ,西直紀,,西直紀,,西直紀,,2016/5/11
S0587,白金ディスコ,阿良々木月火,meg rock,,神前暁,,神前暁,,2012/7/25
S0588,ヴィーナスとジーザス,やくしまるえつこ,ティカ・α,,ティカ・α,,近藤研二,,2010/5/26
S0589,少年よ我に帰れ,やくしまるえつこ,ティカ・α,,ティカ・α,,近藤研二,,2011/10/5
S0590,渚にまつわるエトセトラ,PUFFY,井上陽水,,奥田民生,,奥田民生,,1997/4/16
S0591,うまぴょい伝説,ウマ娘,本田晃弘,,本田晃弘,,本田晃弘,,2016/11/30
S0592,Timing,ブラックビスケッツ,森浩美,ブラックビスケッツ,中西圭三,小西貴雄,小西貴雄,,1998/4/22
S0593,SWEET MEMORIES,松田聖子,松本隆,,大村雅朗,,大村雅朗,,1983/8/1
S0594,不思議,星野源,星野源,,星野源,,星野源,,2021/4/27
S0595,夢をかなえてドラえもん,mao,黒須克彦,,黒須克彦,,大久保薫,,2007/7/4
S0596,YUME日和,島谷ひとみ,小幡英之,,宮崎歩,,宗像仁志,,2003/11/6
S0597,亜麻色の髪の乙女,島谷ひとみ,橋本淳,,すぎやまこういち,,すぎやまこういち,,1968/2/25
S0598,菫,坂本真綾,坂本真綾,,岸田繁,,岸田繁,扇谷研人,2022/5/25
S0599,これから,坂本真綾,坂本真綾,,坂本真綾,,河野伸,,2015/4/1
S0600,Remedy,坂本真綾,坂本真綾,,solaya,,solaya,,2010/3/31
S0601,満ちてゆく,藤井風,藤井風,,藤井風,,藤井風,,2024/3/15
S0602,夜の歌,大道寺知世,大川七瀬,,根岸貴幸,,根岸貴幸,,2001/12/19
S0603,ポケットを空にして,坂本真綾,岩里祐穂,,菅野よう子,,菅野よう子,,2010/3/31
S0604,One Last Kiss,宇多田ヒカル,宇多田ヒカル,,宇多田ヒカル,,宇多田ヒカル,A・G・クック,2021/3/9
S0605,PLASTIC LOVE,竹内まりや,竹内まりや,,竹内まりや,,山下達郎,,1984/4/25
S0606,もうええわ,藤井風,藤井風,,藤井風,,Yaffle,,2019/11/24
S0607,何なんw,藤井風,藤井風,,藤井風,,Yaffle,,2019/11/18
S0608,花,藤井風,藤井風,,藤井風,,Yaffle,,2023/10/13
S0609,らいおんハート,SMAP,野島伸司,,コモリタミノル,,コモリタミノル,,2000/8/30
S0610,メロディー,玉置 浩二,玉置 浩二,,玉置 浩二,,玉置 浩二,,1996/5/22
S0611,TSUNAMI,サザンオールスターズ,桑田佳祐,,桑田佳祐,,サザンオールスターズ,,2000/1/26
S0612,歌うたいのバラッド,斉藤和義,斉藤和義,,斉藤和義,,斉藤和義,,1997/12/26
S0613,春よ、来い,松任谷由実,松任谷由実,,松任谷由実,,松任谷正隆,,1994/10/24
S0614,まちがいさがし,菅田将暉,米津玄師,,米津玄師,,米津玄師,トオミヨウ,2019/5/14
S0615,桜色舞うころ,中島美嘉,川江美奈子,,川江美奈子,,武部聡志,,2005/2/2
S0616,BADモード,宇多田ヒカル,宇多田ヒカル,Jodi Milliner,宇多田ヒカル,Jodi Milliner,-,,2022/1/19
S0617,ロマンティックあげるよ,橋本潮,吉田健美,,いけたけし,,田中公平,,1986/3/1
S0618,55,Official髭男dism,藤原聡,,藤原聡,,Official髭男dism,,2017/4/19
S0619,Tell Me Baby,Official髭男dism,藤原聡,,藤原聡,,Official髭男dism,,2018/4/11
S0620,忘れてください,ヨルシカ,n-buna,,n-buna,,n-buna,,2024/7/13
S0621,テルーの唄,手嶌葵,宮崎吾朗,,谷山浩子,,寺嶋民哉,,2006/6/7
S0622,カルマ,BUMP OF CHICKEN,藤原基央,,藤原基央,,BUMP OF CHICKEN,,2005/11/23
S0623,プラネタリウム,大塚愛,愛,,愛,,愛,Ikoman,2005/9/21
S0624,有心論,RADWIMPS,野田洋次郎,,野田洋次郎,,RADWIMPS,,2006/7/26
S0625,ダンデライオン,BUMP OF CHICKEN,Motoo Fujiwara,,Motoo Fujiwara,,BUMP OF CHICKEN,,2002/2/20
S0626,誓い,宇多田ヒカル,宇多田ヒカル,,宇多田ヒカル,,-,,2018/6/27
S0627,木綿のハンカチーフ,太田裕美,松本隆,,筒美京平,,筒美京平,萩田光雄,1975/12/21
S0628,二時間だけのバカンス,宇多田ヒカル/椎名林檎,宇多田ヒカル,,宇多田ヒカル,,-,,2016/9/16
S0629,真夏の通り雨,宇多田ヒカル,宇多田ヒカル,,宇多田ヒカル,,宇多田ヒカル,,2016/4/15
S0630,いきどまり,星野源,星野源,,星野源,,星野源,,2025/11/14
S0631,グレゴリオ,古川本舗,古川本舗,,古川本舗,,古川本舗,,2012/11/7
S0632,瑠璃色の地球,松田聖子,松本隆,,平井夏美,,武部聡志,,1986/6/1
S0633,光るなら,Goose house,Goose house,,Goose house,,Goose house,,2014/11/19
S0634,ebb and flow,Ray,川田まみ,,中沢伴行,,中沢伴行,尾崎武士,2014/2/5
S0635,うたかた花火,supercell,ryo,,ryo,,ryo,,2010/8/25
S0636,ボクノート,スキマスイッチ,スキマスイッチ,,スキマスイッチ,,スキマスイッチ,,2006/3/1
S0637,アイモ～鳥のひと,ランカ・リー=中島愛,Gabriela Robin,坂本真綾,菅野よう子,,菅野よう子,,2008/12/3
S0638,ダイアモンド クレバス,シェリル・ノーム starring May'n,hàl,,菅野よう子,,菅野よう子,,2008/5/8
S0639,魔法,古川本舗,古川本舗,,古川本舗,,古川本舗,,2012/11/7
S0640,girlfriend,古川本舗,古川本舗,,古川本舗,,古川本舗,,2012/11/7
S0641,月光食堂,古川本舗,古川本舗,,古川本舗,,古川本舗,,2012/11/7
S0642,東京日和,古川本舗,古川本舗,,古川本舗,,古川本舗,,2013/11/6
S0643,21g,古川本舗,古川本舗,,古川本舗,,古川本舗,,2012/11/7
S0644,深昏睡,春野,春野,,春野,,春野,,2017/9/18
S0645,Alice,古川P,古川P,,古川P,,古川P,,2009/8/7
S0646,あいのけもの,古川本舗,古川本舗,,古川本舗,,古川本舗,,2013/11/6
S0647,Crazy Crazy,星野源,星野源,,星野源,,星野源,,2014/6/11
S0648,創造,星野源,星野源,,星野源,,星野源,,2021/2/17
S0649,Week End,星野源,星野源,,星野源,,星野源,,2015/12/2
S0650,Synapse,SIRUP,KYOtaro,,OBKR,Yaffle,,,2017/9/27
S0651,木蘭の涙,スターダスト☆レビュー,山田ひろし,,柿沼清史,,三谷泰弘,,1993/3/10
S0652,スーパー・ノヴァ,古川P,古川P,,古川P,,古川P,,2009/12/25
S0653,夏夜のマジック,indigo la End,川谷絵音,,川谷絵音,,indigo la End,,2016/6/8
S0654,忘れられないの,サカナクション,山口一郎,,山口一郎,,サカナクション,,2019/8/21
S0655,私へ,supercell,ryo,,ryo,,ryo,,2011/3/16
S0656,Movin'on without you,宇多田ヒカル,宇多田ヒカル,,宇多田ヒカル,,村山晋一郎,,1999/2/17
S0657,PINK BLOOD,宇多田ヒカル,宇多田ヒカル,,宇多田ヒカル,,宇多田ヒカル,小袋成彬,2021/6/2
S0658,夢で逢えたら,RATS＆STAR,大瀧詠一,,大瀧詠一,,松本晃彦,,1996/4/22
S0659,ラムのラブソング,松谷祐子,伊藤アキラ,,小林泉美,,小林泉美,,1981/10/21
S0660,CANDY CANDY,きゃりーぱみゅぱみゅ,中田ヤスタカ,,中田ヤスタカ,,中田ヤスタカ,,2012/4/4
S0661,つけまつける,きゃりーぱみゅぱみゅ,中田ヤスタカ,,中田ヤスタカ,,中田ヤスタカ,,2012/1/11
S0662,Baby Don't Cry,安室奈美恵,Nao'ymt,,Nao'ymt,,Nao'ymt,,2007/1/24
S0663,いい日旅立ち,山口百恵,谷村新司,,谷村新司,,川口真,,1978/11/21
S0664,オリビアを聴きながら,杏里,尾崎亜美,,尾崎亜美,,瀬尾一三,,1978/11/5
S0665,赤いスイートピー,松田聖子,松本隆,,呉田軽穂,,松任谷正隆,,1982/1/21
S0666,フレンズ,レベッカ,NOKKO,,土橋安騎夫,,レベッカ,,1985/10/21
S0667,飾りじゃないのよ涙は,中森明菜,井上陽水,,井上陽水,,萩田光雄,,1984/11/14
S0668,上を向いて歩こう,坂本九,永六輔,,中村八大,,中村八大,,1961/10/15
S0669,ワインレッドの心,安全地帯,井上陽水,,玉置浩二,,-,,1983/11/25
S0670,中央フリーウェイ,荒井由実,荒井由実,,荒井由実,,松任谷正隆,,1976/11/20
S0671,め組のひと,RATS&STAR,麻生麗二,,井上大輔,,井上大輔,ラッツ&スター,1983/4/1
S0672,たしかなこと,小田和正,小田和正,,小田和正,,小田和正,,2005/5/25
S0673,恋の予感,安全地帶,井上陽水,,玉置浩二,,星勝,安全地帯,1984/10/25
S0674,M,PRINCESS PRINCESS,富田京子,,奥居香,,PRINCESS PRINCESS,,1989/4/21
S0675,CAN YOU CELEBRATE?,安室奈美恵,小室哲哉,,小室哲哉,,小室哲哉,,1997/2/19
S0676,GLAMOROUS SKY,中島美嘉,AI YAZAWA,,HYDE,,HYDE,KAZ,2005/8/31
S0677,手紙～拝啓十五の君へ～,アンジェラ・アキ,アンジェラ・アキ,,アンジェラ・アキ,,アンジェラ・アキ,,2008/9/17
S0678,Pale Blue,米津玄師,米津玄師,,米津玄師,,米津玄師,坂東祐大,2021/6/16
S0679,Rain,SIRUP,KYOtaro,,KYOtaro,Tomokazu Matsuzawa,-,,2018/8/1
S0680,モニタリング,DECO*27,DECO*27,,DECO*27,,DECO*27,Hayato Yamamoto,2024/11/22
S0681,夜咄ディセイブ,じん,じん,,じん,,じん,,2013/2/17
S0682,如月アテンション,じん,じん,,じん,,じん,,2012/5/27
S0683,flower,TK from 凛として時雨,TK,,TK,,-,,2012/6/27
S0684,東京フラッシュ,Vaundy,Vaundy,,Vaundy,,Vaundy,,2019/11/29
S0685,愛燦燦,美空ひばり,小椋佳,,小椋佳,,若草恵,,1986/5/29
S0686,川の流れのように,美空ひばり,秋元康,,見岳章,,竜崎孝路,,1989/1/11
S0687,夢の中へ,井上陽水,井上陽水,,井上陽水,,星勝,,1973/3/1
S0688,踊り子,Vaundy,Vaundy,,Vaundy,,Vaundy,,2021/11/17
S0689,napori,Vaundy,Vaundy,,Vaundy,,Vaundy,,2020/5/27
S0690,忘れじの言の葉,未来古代楽団 feat. 安次嶺希和子,砂守岳央,,松岡美弥子,,-,,2016/7/27
S0691,カブトムシ,aiko,AIKO,,AIKO,,島田昌典,,1999/11/17
S0692,Story,AI,AI,,2SOUL,,2SOUL,,2005/5/18
S0693,六等星の夜,Aimer,aimerrhythm,,飛内将大,,飛内将大,,2011/9/7
S0694,風を食む,ヨルシカ,n-buna,,n-buna,,n-buna,,2020/10/7
S0695,世界の約束,倍賞千恵子,谷川俊太郎,,木村弓,,久石譲,,2003/11/21
S0696,夜が明けるよ,supercell,ryo,,ryo,,ryo,,2011/3/16
S0697,月のワルツ,諫山実生,湯川れい子,,諌山実生,,安部潤,,2004/12/1
S0698,死ぬのがいいわ,藤井風,藤井風,,藤井風,,Yaffle,,2020/5/20
S0699,壊れかけのRadio,德永英明,德永英明,,德永英明,,瀬尾一三,,1990/7/7
S0700,地球儀,米津玄師,米津玄師,,米津玄師,,坂東祐大,,2023/7/26
S0701,献華,羽緒,羽緒,,牧野太洋,,牧野太洋,,2025/4/26
S0702,恋におちたら,Crystal Kay,H.U.B.,,坂詰美紗子,,Shingo.S,,2005/5/18
S0703,ありがとう,いきものがかり,水野良樹,,水野良樹,,本間昭光,,2010/5/5
S0704,微笑みの爆弾,馬渡松子,リーシャウロン,,馬渡松子,,馬渡松子,,1992/11/6
S0705,Mine or Yours,宇多田ヒカル,宇多田ヒカル,,宇多田ヒカル,,宇多田ヒカル,,2025/5/2
S0706,白日,King Gnu,常田大希,,常田大希,,King Gnu,,2019/2/22
S0707,逆光,坂本真綾,坂本真綾,,伊澤一葉,,伊澤一葉,江口亮,2018/7/25
S0708,Agape,メロキュア,岡崎律子,,岡崎律子,,西脇辰弥,,2002/7/20
S0709,トピア,坂本真綾,坂本真綾,,矢吹香那,,河野伸,,2011/1/12
S0710,約束はいらない,坂本真綾,岩里祐穂,,菅野よう子,,菅野よう子,,1996/4/24
S0711,何度でも,DREAMS COME TRUE,吉田美和,,吉田美和,中村正人,中村正人,,2005/2/16
S0712,乙女のポリシー,石田よう子,芹沢類,,永井誠,,京田誠一,,1993/3/21
S0713,My Dearest,supercell,ryo,,ryo,,ryo,,2011/11/23
S0714,fragile,Every Little Thing,持田香織,,菊池一仁,,伊藤一朗,桑島幻矢/菊池一仁,2001/1/1
S0715,おかえり,絢香,絢香,,西尾芳彦,,松浦晃久,,2008/5/14
S0716,キラキラ,aiko,AIKO,,AIKO,,島田昌典,,2005/8/3
S0717,卒業写真,荒井由実,荒井由実,,荒井由実,,服部克久,,1975/2/5
S0718,おどるポンポコリン,B.B.クイーンズ,さくらももこ,,織田哲郎,,織田哲郎,,1990/4/4
S0719,fake face dance music,音田雅則,音田雅則,,音田雅則,,-,,2023/7/11
S0720,Flavor Of Life,宇多田ヒカル,宇多田ヒカル,,宇多田ヒカル,,宇多田ヒカル,,2007/2/28
S0721,オールナイトレディオ,Ado,Mitchie M,,Mitchie M,,Mitchie M,,2023/10/14
S0722,Flamingo,米津玄師,米津玄師,,米津玄師,,米津玄師,,2018/10/31
S0723,酔いどれ知らず,Kanaria,Kanaria,,Kanaria,,Kanaria,,2022/5/2
S0724,バレリーコ,みきとP,みきとP,,みきとP,,みきとP,,2014/7/28
S0725,シル・ヴ・プレジデント,P丸様。,ナナホシ管弦楽団,,岩見陸,,ナナホシ管弦楽団,,2021/3/17
S0726,可愛くてごめん,HoneyWorks,shito,,shito,,,,2022/11/21
S0727,きゅうくらりん,いよわ feat. 可不,いよわ,,いよわ,,いよわ,,2021/8/29
S0728,ワールドイズマイン,supercell,ryo,,ryo,,Yasuo Matsumoto,,2008/5/31
S0729,メルト,supercell,ryo,,ryo,,Yasuo Matsumoto,,2007/12/7
S0730,右肩の蝶,のりぴー,水野悠良,,のりP,,のりP,,2009/4/1
S0731,対象a,anNina,interface,,bermei.inazawa,,bermei.inazawa,,2007/8/22
S0732,桜,コブクロ,小渕健太郎,黒田俊介,小渕健太郎,黒田俊介,コブクロ,,2005/11/2
S0733,蕾,コブクロ,小渕健太郎,,小渕健太郎,,コブクロ,,2007/3/21
S0734,風,コブクロ,小渕健太郎,,小渕健太郎,,笹路正徳,,2002/2/14
S0735,おもかげ,milet×Aimer×幾田りら,Vaundy,,Vaundy,,-,,2021/12/17
S0736,気分上々↑↑,mihimaru GT,hiroko,mitsuyuki miyake,mitsuyuki miyake,Shifo/日比野元気,mitsuyuki miyake,日比野元気,2006/5/3
S0737,Timing,ブラックビスケッツ,森浩美,ブラックビスケッツ,中西圭三,小西貴雄,小西貴雄,,1998/4/22
S0738,ルカルカ☆ナイトフィーバー,samfree feat. 巡音ルカ,samfree,,samfree,,samfree,,2009/2/12
S0739,CHE.R.RY,YUI,YUI,,YUI,,northa+,,2007/3/7
S0740,さくら (独唱),森山直太朗,森山直太朗,御徒町凧,森山直太朗,,中村タイチ,,2003/3/5
S0741,さくら,ケツメイシ,ケツメイシ,,ケツメイシ,,ケツメイシ,YANAGIMAN,2005/2/16
S0742,桜の時,aiko,AIKO,,AIKO,,島田昌典,,2000/2/17
S0743,桜坂,福山雅治,福山雅治,,福山雅治,,富田素弘,,2000/4/26
S0744,正しくなれない,ずっと真夜中でいいのに。,ACAね,,ACAね,,久保田真悟,100回嘔吐/ZTMY,2020/12/17
S0745,キセキ,GReeeeN,GReeeeN,,GReeeeN,,GReeeeN,,2008/5/28
S0746,世界に一つだけの花,SMAP,槇原敬之,,槇原敬之,,槇原敬之,,2003/3/5
S0747,Fight Together,安室奈美恵,Nao'ymt,,Nao'ymt,,Nao'ymt,,2011/7/27
S0748,嘘,シド,マオ,,ゆうや,,シド,,2009/4/29
S0749,ヘビーローテーション,AKB48,秋元康,,山崎燿,,田中ユウスケ,,2010/8/18
S0750,全力少年,スキマスイッチ,スキマスイッチ,,スキマスイッチ,,スキマスイッチ,,2005/4/20
S0751,夢であるように,DEEN,池森秀一,,DEEN,,池田大介,,1997/12/17
S0752,真夜中は純潔,椎名林檎,椎名林檎,,椎名林檎,,東京スカパラダイスオーケストラ,,2001/3/16
S0753,WILL,中島美嘉,秋元康,,川口大輔,,冨田恵一,,2002/8/7
S0754,LOVE LOVE LOVE,DREAMS COME TRUE,吉田美和,,中村正人,,中村正人,,1995/7/24
S0755,未来予想図II,DREAMS COME TRUE,吉田美和,,吉田美和,,中村正人,,1989/11/22
S0756,かなしばりに遭ったら,あばらや,あばらや,,あばらや,,あばらや,,2024/9/1
S0757,ホロネス,美波,美波,,美波,,-,,2019/1/30
S0758,ティニタス,Diα,Diα,"Link""0","Link""0",,"Link""0",,2026/2/22
S0759,インフェルノ,Mrs. GREEN APPLE,大森元貴,,大森元貴,,大森元貴,,2019/7/18
S0760,リードコントロール,なるみや,なるみや,,なるみや,,なるみや,,2024/9/19
S0761,転生林檎,ピノキオピー,ピノキオピー,,ピノキオピー,,ピノキオピー,,2022/6/3
S0762,melt bitter,さとうもか,さとうもか,,さとうもか,,さとうもか,,2020/1/22
S0763,ド屑,なきそ,なきそ,,なきそ,,なきそ,,2022/3/5
S0764,ボッカデラベリタ,柊キライ,柊キライ,,柊キライ,,柊キライ,,2020/4/26
S0765,幽霊東京,Ayase,Ayase,,Ayase,,Ayase,,2019/11/17
S0766,蜜月アン・ドゥ・トロワ,DATEKEN,DATEKEN,,DATEKEN,,DATEKEN,,2013/2/15
S0767,ヴァンパイア,DECO*27,DECO*27,,DECO*27,,DECO*27,,2021/3/9
S0768,ヒバナ,DECO*27,DECO*27,,DECO*27,,DECO*27,,2017/8/4
S0769,アンノウンマザーグース,wowaka,wowaka,,wowaka,,wowaka,,2017/8/22
S0770,HOMURA,妃玖,Fushi,,Fushi,,Fushi,,2026/3/9
S0771,レディメイド,Ado,すりぃ,,すりぃ,,すりぃ,,2020/12/24
S0772,ラヴィ,すりぃ,すりぃ,,すりぃ,,すりぃ,,2022/10/29
S0773,ロミオとシンデレラ,doriko,doriko,,doriko,,doriko,,2009/4/6
S0774,ロキ,みきとP,みきとP,,みきとP,,みきとP,,2018/2/27
S0775,Butter-Fly,和田光司,千綿偉功,,千綿偉功,,渡部チェル,,1999/4/23
S0776,さよーならまたいつか！,米津玄師,米津玄師,,米津玄師,,米津玄師,,2024/4/8
S0777,In My Room,宇多田ヒカル,宇多田ヒカル,,宇多田ヒカル,,村山晋一郎,,1999/3/10
S0778,残声,Diα,Diα,,Feryquitous,,Feryquitous,,2026/3/9
S0779,花女,花譜,カンザキイオリ,,カンザキイオリ,,カンザキイオリ,,2020/11/25
S0780,Addicted To You,宇多田ヒカル,宇多田ヒカル,,宇多田ヒカル,,ジミー・ジャム & テリー・ルイス,,1999/11/10
S0781,ぼくはくま,宇多田ヒカル,宇多田ヒカル,,宇多田ヒカル,,冨田謙,宇多田ヒカル,2006/11/22
S0782,道,宇多田ヒカル,宇多田ヒカル,,宇多田ヒカル,,宇多田ヒカル,,2016/9/16
S0783,初恋,宇多田ヒカル,宇多田ヒカル,,宇多田ヒカル,,宇多田ヒカル,,2016/9/16
S0784,音を浮かべて,wouca,ヨノ,,ヨノ,,SEE,,2026/3/30
S0785,雲と幽霊,ヨルシカ,n-buna,,n-buna,,n-buna,,2017/6/28
S0786,五月は花緑青の窓辺から,ヨルシカ,n-buna,,n-buna,,n-buna,,2019/4/10
S0787,,,,,,,,,
S0788,,,,,,,,,
S0789,,,,,,,,,
S0790,,,,,,,,,
S0791,,,,,,,,,
S0792,,,,,,,,,
S0793,,,,,,,,,
S0794,,,,,,,,,
S0795,,,,,,,,,
S0796,,,,,,,,,
S0797,,,,,,,,,
S0798,,,,,,,,,
S0799,,,,,,,,,
S0800,,,,,,,,,
S0801,,,,,,,,,
S0802,,,,,,,,,
S0803,,,,,,,,,
S0804,,,,,,,,,
S0805,,,,,,,,,
S0806,,,,,,,,,
S0807,,,,,,,,,
S0808,,,,,,,,,
S0809,,,,,,,,,
S0810,,,,,,,,,
S0811,,,,,,,,,
S0812,,,,,,,,,
S0813,,,,,,,,,
S0814,,,,,,,,,
S0815,,,,,,,,,
S0816,,,,,,,,,
S0817,,,,,,,,,
S0818,,,,,,,,,
S0819,,,,,,,,,
S0820,,,,,,,,,
S0821,,,,,,,,,
S0822,,,,,,,,,
S0823,,,,,,,,,
S0824,,,,,,,,,
S0825,,,,,,,,,
S0826,,,,,,,,,
S0827,,,,,,,,,
S0828,,,,,,,,,
S0829,,,,,,,,,
S0830,,,,,,,,,
S0831,,,,,,,,,
S0832,,,,,,,,,
S0833,,,,,,,,,
S0834,,,,,,,,,
S0835,,,,,,,,,
S0836,,,,,,,,,
S0837,,,,,,,,,
S0838,,,,,,,,,
S0839,,,,,,,,,
S0840,,,,,,,,,
S0841,,,,,,,,,
S0842,,,,,,,,,
S0843,,,,,,,,,
S0844,,,,,,,,,
S0845,,,,,,,,,
S0846,,,,,,,,,
S0847,,,,,,,,,
S0848,,,,,,,,,
S0849,,,,,,,,,
S0850,,,,,,,,,
S0851,,,,,,,,,
S0852,,,,,,,,,
S0853,,,,,,,,,
S0854,,,,,,,,,
S0855,,,,,,,,,
S0856,,,,,,,,,
S0857,,,,,,,,,
S0858,,,,,,,,,
S0859,,,,,,,,,
S0860,,,,,,,,,
S0861,,,,,,,,,
S0862,,,,,,,,,
S0863,,,,,,,,,
S0864,,,,,,,,,
S0865,,,,,,,,,
S0866,,,,,,,,,
S0867,,,,,,,,,
S0868,,,,,,,,,
S0869,,,,,,,,,
S0870,,,,,,,,,
S0871,,,,,,,,,
S0872,,,,,,,,,
S0873,,,,,,,,,
S0874,,,,,,,,,
S0875,,,,,,,,,
S0876,,,,,,,,,
S0877,,,,,,,,,
S0878,,,,,,,,,
S0879,,,,,,,,,
S0880,,,,,,,,,
S0881,,,,,,,,,
S0882,,,,,,,,,
S0883,,,,,,,,,
S0884,,,,,,,,,
S0885,,,,,,,,,
S0886,,,,,,,,,
S0887,,,,,,,,,
S0888,,,,,,,,,
S0889,,,,,,,,,
S0890,,,,,,,,,
S0891,,,,,,,,,
S0892,,,,,,,,,
S0893,,,,,,,,,
S0894,,,,,,,,,
S0895,,,,,,,,,
S0896,,,,,,,,,
S0897,,,,,,,,,
S0898,,,,,,,,,
S0899,,,,,,,,,
S0900,,,,,,,,,
S0901,,,,,,,,,
S0902,,,,,,,,,
S0903,,,,,,,,,
S0904,,,,,,,,,
S0905,,,,,,,,,
S0906,,,,,,,,,
S0907,,,,,,,,,
S0908,,,,,,,,,
S0909,,,,,,,,,
S0910,,,,,,,,,
S0911,,,,,,,,,
S0912,,,,,,,,,
S0913,,,,,,,,,
S0914,,,,,,,,,
S0915,,,,,,,,,
S0916,,,,,,,,,
S0917,,,,,,,,,
S0918,,,,,,,,,
S0919,,,,,,,,,
S0920,,,,,,,,,
S0921,,,,,,,,,
S0922,,,,,,,,,
S0923,,,,,,,,,
S0924,,,,,,,,,
S0925,,,,,,,,,
S0926,,,,,,,,,
S0927,,,,,,,,,
S0928,,,,,,,,,
S0929,,,,,,,,,
S0930,,,,,,,,,
S0931,,,,,,,,,
S0932,,,,,,,,,
S0933,,,,,,,,,
S0934,,,,,,,,,
S0935,,,,,,,,,
S0936,,,,,,,,,
S0937,,,,,,,,,
S0938,,,,,,,,,
S0939,,,,,,,,,
S0940,,,,,,,,,
S0941,,,,,,,,,
S0942,,,,,,,,,
S0943,,,,,,,,,
S0944,,,,,,,,,
S0945,,,,,,,,,
S0946,,,,,,,,,
S0947,,,,,,,,,
S0948,,,,,,,,,
S0949,,,,,,,,,
S0950,,,,,,,,,
S0951,,,,,,,,,
S0952,,,,,,,,,
S0953,,,,,,,,,
S0954,,,,,,,,,
S0955,,,,,,,,,
S0956,,,,,,,,,
S0957,,,,,,,,,
S0958,,,,,,,,,
S0959,,,,,,,,,
S0960,,,,,,,,,
S0961,,,,,,,,,
S0962,,,,,,,,,
S0963,,,,,,,,,
S0964,,,,,,,,,
S0965,,,,,,,,,
S0966,,,,,,,,,
S0967,,,,,,,,,
S0968,,,,,,,,,
S0969,,,,,,,,,
S0970,,,,,,,,,
S0971,,,,,,,,,
S0972,,,,,,,,,
S0973,,,,,,,,,
S0974,,,,,,,,,
S0975,,,,,,,,,
S0976,,,,,,,,,
S0977,,,,,,,,,
S0978,,,,,,,,,
S0979,,,,,,,,,
S0980,,,,,,,,,
S0981,,,,,,,,,
S0982,,,,,,,,,
S0983,,,,,,,,,
S0984,,,,,,,,,
S0985,,,,,,,,,
S0986,,,,,,,,,
S0987,,,,,,,,,
S0988,,,,,,,,,
S0989,,,,,,,,,
S0990,,,,,,,,,
S0991,,,,,,,,,
S0992,,,,,,,,,
S0993,,,,,,,,,
S0994,,,,,,,,,
S0995,,,,,,,,,
S0996,,,,,,,,,
S0997,,,,,,,,,
S0998,,,,,,,,,
S0999,,,,,,,,,
S1000,,,,,,,,,